Date,Variação Total (R$),Variação Percentual,Nome
2021-06-25,-1.5258789076710855e-06,-2.4770761442027833e-08,ITUB4
2021-06-28,-0.6999984741210952,-0.011363611592874912,ITUB4
2021-06-29,-1.3000007629394545,-0.0211039084892769,ITUB4
2021-06-30,-2.0000015258789077,-0.032467557238293976,ITUB4
2021-07-01,-2.219998931884767,-0.03603894369942806,ITUB4
2021-07-02,-1.5799995422363295,-0.025649343218122178,ITUB4
2021-07-05,-2.3999992370605483,-0.03896102657565825,ITUB4
2021-07-06,-2.5000015258789077,-0.040584440355177054,ITUB4
2021-07-07,-2.239999389648439,-0.036363626455331755,ITUB4
2021-07-08,-3.019998168945314,-0.04902594430106033,ITUB4
2021-07-12,-2.219998931884767,-0.03603894369942806,ITUB4
2021-07-13,-1.8599983215332045,-0.030194777946967566,ITUB4
2021-07-14,-1.7800003051757827,-0.028896108850256175,ITUB4
2021-07-15,-2.5000015258789077,-0.040584440355177054,ITUB4
2021-07-16,-3.460000610351564,-0.05616884107713582,ITUB4
2021-07-19,-3.8000007629394545,-0.0616883240736924,ITUB4
2021-07-20,-3.039998626708986,-0.049350627056964025,ITUB4
2021-07-21,-2.8000007629394545,-0.045454557839926246,ITUB4
2021-07-22,-3.3999992370605483,-0.05519479280942452,ITUB4
2021-07-23,-3.5599990844726577,-0.05779219292975091,ITUB4
2021-07-26,-2.539998626708986,-0.04123374394008095,ITUB4
2021-07-27,-1.960000610351564,-0.03181819172648648,ITUB4
2021-07-28,-0.01999816894531392,-0.00032464559976164153,ITUB4
2021-07-29,-0.3400016784667983,-0.0055195077673181325,ITUB4
2021-07-30,-1.0000015258789077,-0.01623379100452771,ITUB4
2021-08-02,-0.660001373291017,-0.010714308007971018,ITUB4
2021-08-03,-0.05999908447265767,-0.0009740111115691397,ITUB4
2021-08-04,-1.7800003051757827,-0.028896108850256175,ITUB4
2021-08-05,-1.6000000000000014,-0.025974025974025983,ITUB4
2021-08-06,0.08000030517577983,0.0012987062528535542,ITUB4
2021-08-09,0.8000015258789048,0.012987037757774322,ITUB4
2021-08-10,-0.3799987792968764,-0.006168811352222026,ITUB4
2021-08-11,0.30000152587890483,0.004870154640891355,ITUB4
2021-08-12,-0.8599983215332045,-0.01396101171320141,ITUB4
2021-08-13,-0.039998626708985796,-0.0006493283556653351,ITUB4
2021-08-16,-0.9199996948242202,-0.014935059980912713,ITUB4
2021-08-17,-1.1400009155273452,-0.018506508368950403,ITUB4
2021-08-18,-1.019998168945314,-0.016558411833527797,ITUB4
2021-08-19,-1.8000007629394545,-0.02922079160615998,ITUB4
2021-08-20,-2.019998168945314,-0.032792178067294064,ITUB4
2021-08-23,-1.3799987792968764,-0.022402577585988293,ITUB4
2021-08-24,0.30000152587890483,0.004870154640891355,ITUB4
2021-08-25,0.3799995422363267,0.006168823737602747,ITUB4
2021-08-26,-1.1200004577636733,-0.0181818256130466,ITUB4
2021-08-27,-0.07999954223632955,-0.0012986938674728332,ITUB4
2021-08-30,-0.5199981689453139,-0.00844152871664472,ITUB4
2021-08-31,0.28000106811523295,0.004545471884987551,ITUB4
2021-09-01,0.5199989318847642,0.00844154110202533,ITUB4
2021-09-02,-1.719998931884767,-0.027922060582544872,ITUB4
2021-09-03,-2.0599990844726577,-0.03344154357910156,ITUB4
2021-09-06,-1.3000007629394545,-0.0211039084892769,ITUB4
2021-09-08,-4.160001373291017,-0.0675324898261529,ITUB4
2021-09-09,-3.3999992370605483,-0.05519479280942452,ITUB4
2021-09-10,-3.980001068115236,-0.0646104069499227,ITUB4
2021-09-13,-3.259999847412111,-0.052922075445001826,ITUB4
2021-09-14,-3.6200004577636733,-0.05876624119746221,ITUB4
2021-09-15,-4.559999084472658,-0.07402595916351717,ITUB4
2021-09-16,-4.600000000000001,-0.07467532467532467,ITUB4
2021-09-17,-5.960000610351564,-0.09675325666155132,ITUB4
2021-09-20,-7.219998931884767,-0.11720777486825917,ITUB4
2021-09-21,-7.3599983215332045,-0.11948049223268187,ITUB4
2021-09-22,-6.100000000000001,-0.09902597402597402,ITUB4
2021-09-23,-4.180001831054689,-0.06785717258205659,ITUB4
2021-09-24,-4.980001068115236,-0.08084417318368886,ITUB4
2021-09-27,-3.5000015258789077,-0.05681820658894332,ITUB4
2021-09-28,-4.820001220703126,-0.07824677306336247,ITUB4
2021-09-29,-3.8000007629394545,-0.0616883240736924,ITUB4
2021-09-30,-3.739999389648439,-0.0607142758059811,ITUB4
2021-10-01,-2.259999847412111,-0.03668830921123556,ITUB4
2021-10-04,-12.91999969482422,-0.20974025478610747,ITUB4
2021-10-05,-11.739999389648439,-0.190584405676111,ITUB4
2021-10-06,-11.57999954223633,-0.18798700555578451,ITUB4
2021-10-07,-12.640000915527345,-0.20519482005726208,ITUB4
2021-10-08,-12.280000305175783,-0.1993506543048017,ITUB4
2021-10-11,-13.140000915527345,-0.21331170317414516,ITUB4
2021-10-13,-13.07999954223633,-0.21233765490643397,ITUB4
2021-10-14,-13.320001220703126,-0.21623378605037546,ITUB4
2021-10-15,-12.07999954223633,-0.1961038886726677,ITUB4
2021-10-18,-11.739999389648439,-0.190584405676111,ITUB4
2021-10-19,-12.91999969482422,-0.20974025478610747,ITUB4
2021-10-20,-11.620000457763673,-0.18863637106759212,ITUB4
2021-10-21,-12.640000915527345,-0.20519482005726208,ITUB4
2021-10-22,-14.519998168945314,-0.235714255989372,ITUB4
2021-10-25,-13.600000000000001,-0.22077922077922074,ITUB4
2021-10-26,-14.120000457763673,-0.22922078665200762,ITUB4
2021-10-27,-13.75999984741211,-0.22337662089954724,ITUB4
2021-10-28,-13.859998321533205,-0.22499997275216244,ITUB4
2021-10-29,-14.980001068115236,-0.2431818355213512,ITUB4
2021-11-01,-13.160001373291017,-0.21363638593004897,ITUB4
2021-11-03,-12.699998474121095,-0.20616880639806967,ITUB4
2021-11-04,-15.280000305175783,-0.2480519530061004,ITUB4
2021-11-05,-15.840001678466798,-0.25714288439069477,ITUB4
2021-11-08,-16.07999954223633,-0.26103895360773266,ITUB4
2021-11-09,-16.539998626708986,-0.26850647121280824,ITUB4
2021-11-10,-15.399999237060548,-0.24999998761461928,ITUB4
2021-11-11,-15.500001525878908,-0.2516234013941381,ITUB4
2021-11-12,-15.600000000000001,-0.2532467532467533,ITUB4
2021-11-16,-16.07999954223633,-0.26103895360773266,ITUB4
2021-11-17,-15.899999237060548,-0.25811687073150236,ITUB4
2021-11-18,-16.660001373291017,-0.27045456774823085,ITUB4
2021-11-19,-17.039998626708986,-0.2766233543296913,ITUB4
2021-11-22,-17.460000610351564,-0.283441568349863,ITUB4
2021-11-23,-16.719998931884767,-0.27142855408903843,ITUB4
2021-11-24,-15.519998168945314,-0.25194802222313817,ITUB4
2021-11-25,-15.100000000000001,-0.2451298701298702,ITUB4
2021-11-26,-15.980001068115236,-0.25941560175511746,ITUB4
2021-11-29,-16.280000305175783,-0.26428571923986655,ITUB4
2021-11-30,-16.8400016784668,-0.27337665062446104,ITUB4
2021-12-01,-17.160001373291017,-0.2785714508651139,ITUB4
2021-12-02,-15.480001068115236,-0.2512987186382344,ITUB4
2021-12-03,-15.640000915527345,-0.2538961187585608,ITUB4
2021-12-06,-15.100000000000001,-0.2451298701298702,ITUB4
2021-12-07,-15.680001831054689,-0.25454548427036827,ITUB4
2021-12-08,-16.120000457763673,-0.26168831911954016,ITUB4
2021-12-09,-17.3400016784668,-0.2814935337413441,ITUB4
2021-12-10,-17.280000305175783,-0.2805194854736328,ITUB4
2021-12-13,-18.460000610351564,-0.29967533458362927,ITUB4
2021-12-14,-18.039998626708986,-0.2928571205634576,ITUB4
2021-12-15,-18.18000183105469,-0.2951298998547839,ITUB4
2021-12-16,-17.73999938964844,-0.2879870030787084,ITUB4
2021-12-17,-18.699998474121095,-0.30357140380066716,ITUB4
2021-12-20,-19.359998321533205,-0.31428568703787674,ITUB4
2021-12-21,-19.300000762939455,-0.31331170069706904,ITUB4
2021-12-22,-19.140000915527345,-0.31071430057674265,ITUB4
2021-12-23,-18.91999969482422,-0.30714285218870485,ITUB4
2021-12-27,-18.480001068115236,-0.3000000173395331,ITUB4
2021-12-28,-18.640000915527345,-0.30259741745985946,ITUB4
2021-12-29,-19.000001525878908,-0.30844158321231996,ITUB4
2021-12-30,-19.699998474121095,-0.3198051700344333,ITUB4
2022-01-03,-18.57999954223633,-0.30162336919214816,ITUB4
2022-01-04,-17.359998321533205,-0.2818181545703442,ITUB4
2022-01-05,-18.199998474121095,-0.29545452068378397,ITUB4
2022-01-06,-17.320001220703126,-0.2811688509854403,ITUB4
2022-01-07,-16.3400016784668,-0.26525976750757785,ITUB4
2022-01-10,-15.91999969482422,-0.25844155348740616,ITUB4
2022-01-11,-14.899999237060548,-0.2418831044977362,ITUB4
2022-01-12,-15.100000000000001,-0.2451298701298702,ITUB4
2022-01-13,-14.239999389648439,-0.23116882126052662,ITUB4
2022-01-14,-14.600000000000001,-0.237012987012987,ITUB4
2022-01-17,-14.600000000000001,-0.237012987012987,ITUB4
2022-01-18,-14.320001220703126,-0.23246755228414162,ITUB4
2022-01-19,-14.640000915527345,-0.2376623525247945,ITUB4
2022-01-20,-15.019998168945314,-0.2438311391062551,ITUB4
2022-01-21,-15.000001525878908,-0.243506518277255,ITUB4
2022-01-24,-15.059999084472658,-0.2444805046180626,ITUB4
2022-01-25,-13.379998779296876,-0.21720777239118305,ITUB4
2022-01-26,-12.859998321533205,-0.20876620651839617,ITUB4
2022-01-27,-12.620000457763673,-0.20487013730135828,ITUB4
2022-01-28,-12.019998168945314,-0.1951298404049564,ITUB4
2022-01-31,-10.940000152587892,-0.17759740507447874,ITUB4
2022-02-01,-10.620000457763673,-0.17240260483382586,ITUB4
2022-02-02,-11.41999969482422,-0.18538960543545813,ITUB4
2022-02-03,-10.840001678466798,-0.17597405322186366,ITUB4
2022-02-04,-10.680001831054689,-0.17337665310153716,ITUB4
2022-02-07,-10.960000610351564,-0.17792208783038255,ITUB4
2022-02-08,-10.399999237060548,-0.16883115644578817,ITUB4
2022-02-09,-12.440000152587892,-0.2019480544251281,ITUB4
2022-02-10,-11.500001525878908,-0.18668833645907312,ITUB4
2022-02-11,-8.539998626708986,-0.13863634134267833,ITUB4
2022-02-14,-8.660001373291017,-0.14058443787810093,ITUB4
2022-02-15,-8.160001373291017,-0.13246755476121785,ITUB4
2022-02-16,-8.719998931884767,-0.14155842421890852,ITUB4
2022-02-17,-9.460000610351564,-0.1535714384797332,ITUB4
2022-02-18,-9.25999984741211,-0.1503246728475992,ITUB4
2022-02-21,-10.539998626708986,-0.17110387381021075,ITUB4
2022-02-22,-10.100000000000001,-0.16396103896103897,ITUB4
2022-02-23,-10.820001220703126,-0.17564937046595985,ITUB4
2022-02-24,-11.680001831054689,-0.18961041933530343,ITUB4
2022-02-25,-10.660001373291017,-0.17305197034563335,ITUB4
2022-03-02,-11.539998626708986,-0.18733764004397702,ITUB4
2022-03-03,-11.500001525878908,-0.18668833645907312,ITUB4
2022-03-04,-12.25999984741211,-0.1990259715488979,ITUB4
2022-03-07,-13.320001220703126,-0.21623378605037546,ITUB4
2022-03-08,-13.780000305175783,-0.22370130365545104,ITUB4
2022-03-09,-11.399999237060548,-0.18506492267955432,ITUB4
2022-03-10,-11.359998321533205,-0.18441555716774682,ITUB4
2022-03-11,-11.91999969482422,-0.1935064885523412,ITUB4
2022-03-14,-11.219998931884767,-0.18214283980332413,ITUB4
2022-03-15,-11.399999237060548,-0.18506492267955432,ITUB4
2022-03-16,-10.41999969482422,-0.16915583920169186,ITUB4
2022-03-17,-9.300000762939455,-0.1509740383594067,ITUB4
2022-03-18,-8.91999969482422,-0.14480518985104252,ITUB4
2022-03-21,-7.620000457763673,-0.12370130613252717,ITUB4
2022-03-22,-6.879998779296876,-0.11168829187170248,ITUB4
2022-03-23,-7.120000457763673,-0.11558442301564409,ITUB4
2022-03-24,-6.759999847412111,-0.1097402572631836,ITUB4
2022-03-25,-6.660001373291017,-0.10811690541056851,ITUB4
2022-03-28,-6.699998474121095,-0.10876620899547229,ITUB4
2022-03-29,-6.059999084472658,-0.09837660851416652,ITUB4
2022-03-30,-5.940000152587892,-0.09642857390564763,ITUB4
2022-03-31,-6.640000915527345,-0.1077922226546647,ITUB4
2022-04-01,-6.519998168945314,-0.1058441261192421,ITUB4
2022-04-04,-7.019998168945314,-0.11396100923612518,ITUB4
2022-04-05,-8.120000457763673,-0.13181818924941024,ITUB4
2022-04-06,-8.140000915527345,-0.13214287200531405,ITUB4
2022-04-07,-8.180001831054689,-0.13279223751712155,ITUB4
2022-04-08,-8.280000305175783,-0.13441558936973674,ITUB4
2022-04-11,-8.480001068115236,-0.13766235500187074,ITUB4
2022-04-12,-9.41999969482422,-0.1529220729679257,ITUB4
2022-04-13,-9.280000305175783,-0.150649355603503,ITUB4
2022-04-14,-8.940000152587892,-0.14512987260694632,ITUB4
2022-04-18,-8.640000915527345,-0.14025975512219713,ITUB4
2022-04-19,-9.57999954223633,-0.1555194730882521,ITUB4
2022-04-20,-9.239999389648439,-0.1499999900916954,ITUB4
2022-04-22,-10.25999984741211,-0.16655843908136547,ITUB4
2022-04-25,-10.460000610351564,-0.16980520471349936,ITUB4
2022-04-26,-12.199998474121095,-0.1980519232811866,ITUB4
2022-04-27,-12.600000000000001,-0.20454545454545459,ITUB4
2022-04-28,-13.000001525878908,-0.21103898580972247,ITUB4
2022-04-29,-13.859998321533205,-0.22499997275216244,ITUB4
2022-05-02,-14.100000000000001,-0.22889610389610393,ITUB4
2022-05-03,-13.859998321533205,-0.22499997275216244,ITUB4
2022-05-04,-13.91999969482422,-0.22597402101987374,ITUB4
2022-05-05,-15.019998168945314,-0.2438311391062551,ITUB4
2022-05-06,-14.019998168945314,-0.22759737287248882,ITUB4
2022-05-09,-14.699998474121095,-0.2386363388656022,ITUB4
2022-05-10,-14.940000152587892,-0.2425324700095437,ITUB4
2022-05-11,-13.379998779296876,-0.21720777239118305,ITUB4
2022-05-12,-12.620000457763673,-0.20487013730135828,ITUB4
2022-05-13,-12.039998626708986,-0.1954545231608602,ITUB4
2022-05-16,-11.519998168945314,-0.18701295728807332,ITUB4
2022-05-17,-11.07999954223633,-0.17987012243890144,ITUB4
2022-05-18,-11.800000762939455,-0.19155845394382232,ITUB4
2022-05-19,-11.960000610351564,-0.19415585406414881,ITUB4
2022-05-20,-11.340001678466798,-0.18409093633874674,ITUB4
2022-05-23,-10.039998626708986,-0.16298699069332767,ITUB4
2022-05-24,-9.25999984741211,-0.1503246728475992,ITUB4
2022-05-25,-10.199998474121095,-0.16558439081365417,ITUB4
2022-05-26,-9.559999084472658,-0.1551947903323483,ITUB4
2022-05-27,-9.280000305175783,-0.150649355603503,ITUB4
2022-05-30,-9.75999984741211,-0.15844155596448228,ITUB4
2022-05-31,-9.280000305175783,-0.150649355603503,ITUB4
2022-06-01,-10.039998626708986,-0.16298699069332767,ITUB4
2022-06-02,-9.820001220703126,-0.1594156042321936,ITUB4
2022-06-03,-10.300000762939455,-0.16720780459317297,ITUB4
2022-06-06,-10.480001068115236,-0.17012988746940316,ITUB4
2022-06-07,-10.480001068115236,-0.17012988746940316,ITUB4
2022-06-08,-11.460000610351564,-0.18603897094726562,ITUB4
2022-06-09,-12.320001220703126,-0.2000000198166092,ITUB4
2022-06-10,-13.399999237060548,-0.21753245514708686,ITUB4
2022-06-13,-13.980001068115236,-0.22694806928758504,ITUB4
2022-06-14,-14.300000762939455,-0.23214286952823793,ITUB4
2022-06-15,-14.100000000000001,-0.22889610389610393,ITUB4
2022-06-17,-14.699998474121095,-0.2386363388656022,ITUB4
2022-06-20,-12.660001373291017,-0.2055195028131659,ITUB4
2022-06-21,-13.180001831054689,-0.21396106868595277,ITUB4
2022-06-22,-13.539998626708986,-0.21980517251150955,ITUB4
2022-06-23,-14.640000915527345,-0.2376623525247945,ITUB4
2022-06-24,-14.719998931884767,-0.2389610216215059,ITUB4
2022-06-27,-14.440000152587892,-0.23441558689266062,ITUB4
2022-06-28,-14.960000610351564,-0.2428571527654475,ITUB4
2022-06-29,-15.440000152587892,-0.2506493531264268,ITUB4
2022-06-30,-16.25999984741211,-0.26396103648396285,ITUB4
2022-07-01,-15.899999237060548,-0.25811687073150236,ITUB4
2022-07-04,-16.3400016784668,-0.26525976750757785,ITUB4
2022-07-05,-16.019998168945314,-0.26006490534002136,ITUB4
2022-07-06,-16.440000152587892,-0.26688311936019304,ITUB4
2022-07-07,-15.800000762939455,-0.25649351887888727,ITUB4
2022-07-08,-15.780000305175783,-0.25616883612298347,ITUB4
2022-07-11,-16.519998168945314,-0.26818178845690444,ITUB4
2022-07-12,-16.620000457763673,-0.26980520223642324,ITUB4
2022-07-13,-16.800000762939455,-0.27272728511265343,ITUB4
2022-07-14,-17.30000419616699,-0.06629624141087176,ITUB4
2022-07-15,-12.900008392333984,-0.04943478977709903,ITUB4
2022-07-18,-9.599995803833007,-0.03678864075046184,ITUB4
2022-07-19,-1.1299907684326165,-0.004330296104359532,ITUB4
2022-07-20,-4.430003356933593,-0.01697644513099672,ITUB4
2022-07-21,-2.339997482299804,-0.008967225454300842,ITUB4
2022-07-22,-5.089997482299804,-0.01950564277562672,ITUB4
2022-07-25,-1.349995803833007,-0.00517338878648399,ITUB4
2022-07-26,-2.7800075531005852,-0.010653410818549869,ITUB4
2022-07-27,-1.9000083923339837,-0.007281120491795301,ITUB4
2022-07-28,-0.24999160766601491,-0.0009580057776049644,ITUB4
2022-07-29,-1.1299907684326165,-0.004330296104359532,ITUB4
2022-08-01,-2.7800075531005852,-0.010653410818549869,ITUB4
2022-08-02,-0.030007553100585227,-0.00011499349722388086,ITUB4
2022-08-03,1.8399932861328132,0.007051133497347539,ITUB4
2022-08-04,8.219992446899415,0.03150025846675386,ITUB4
2022-08-05,13.280003356933594,0.050890988146900185,ITUB4
2022-08-08,16.689997482299805,0.06395860311285606,ITUB4
2022-08-09,23.94999580383301,0.09178001840901717,ITUB4
2022-08-10,29.229990768432618,0.11201376036954436,ITUB4
2022-08-11,29.6700008392334,0.1136999457337935,ITUB4
2022-08-12,33.1899974822998,0.12718910704081177,ITUB4
2022-08-15,35.71999244689941,0.13688443168001307,ITUB4
2022-08-16,39.13000755310058,0.14995212704771244,ITUB4
2022-08-17,39.90000419616699,0.15290287103340483,ITUB4
2022-08-18,39.02000503540039,0.14953058070665026,ITUB4
2022-08-19,32.08999328613281,0.12297372403193263,ITUB4
2022-08-22,28.790001678466798,0.11032765540703893,ITUB4
2022-08-23,29.559998321533204,0.1132783993927311,ITUB4
2022-08-24,30.77000503540039,0.11791532874267241,ITUB4
2022-08-25,34.40000419616699,0.13182603639075308,ITUB4
2022-08-26,32.640005874633786,0.12508145573724394,ITUB4
2022-08-29,31.650004196166993,0.12128761906942698,ITUB4
2022-08-30,30.32999496459961,0.1162291433784235,ITUB4
2022-08-31,22.95999412536621,0.08798618174120021,ITUB4
2022-09-01,27.14000587463379,0.10400462109459196,ITUB4
2022-09-02,31.099991607666016,0.11917988736411589,ITUB4
2022-09-05,35.82999496459961,0.13730597802107525,ITUB4
2022-09-06,33.07999496459961,0.12676756069974937,ITUB4
2022-09-08,30.990010070800782,0.11875842142479698,ITUB4
2022-09-09,33.3,0.12761065338187394,ITUB4
2022-09-12,36.9299991607666,0.14152136102995438,ITUB4
2022-09-13,33.84999160766601,0.12971830468544177,ITUB4
2022-09-14,32.75000839233398,0.12550300207830611,ITUB4
2022-09-15,33.52000503540039,0.1284537460639985,ITUB4
2022-09-16,32.53000335693359,0.12465990939618155,ITUB4
2022-09-19,43.53000335693359,0.16681357868148528,ITUB4
2022-09-20,53.65000419616699,0.20559495764003444,ITUB4
2021-04-05,7.32421875682121e-06,3.808350013123629e-08,PETR4
2021-04-06,-0.15999633789061818,-0.0008319277136575876,PETR4
2021-04-07,-0.3199999999999932,-0.0016638935108153063,PETR4
2021-04-08,-2.719993896484368,-0.01414306310567992,PETR4
2021-04-09,-3.1200030517578057,-0.016222977598574273,PETR4
2021-04-12,-1.2000048828124932,-0.006239626054557523,PETR4
2021-04-13,-0.5600054931640557,-0.002911842206551829,PETR4
2021-04-14,2.4800030517578193,0.01289519057694366,PETR4
2021-04-15,-7.599998779296868,-0.03951746453461347,PETR4
2021-04-16,-8.719993896484368,-0.045341066433467025,PETR4
2021-04-19,1.9200054931640693,0.009983389627516992,PETR4
2021-04-20,-1.7600024414062432,-0.009151427003984192,PETR4
2021-04-22,-2.640007324218743,-0.013727159547726409,PETR4
2021-04-23,-2.7999957275390557,-0.014559046004258835,PETR4
2021-04-26,-2.0799945068359307,-0.010815279257674337,PETR4
2021-04-27,-7.519996948242181,-0.03910148163603466,PETR4
2021-04-28,-0.7999957275390557,-0.004159711561663171,PETR4
2021-04-29,-3.3599932861328057,-0.017470846953685504,PETR4
2021-04-30,-3.3599932861328057,-0.017470846953685504,PETR4
2021-05-03,-4.879997558593743,-0.025374363345433304,PETR4
2021-05-04,-9.200004882812493,-0.04783696382494018,PETR4
2021-05-05,-1.6800006103515557,-0.008735444105405388,PETR4
2021-05-06,-4.319999999999993,-0.022462562396006636,PETR4
2021-05-07,2.7199932861328193,0.014143059932055113,PETR4
2021-05-10,5.280006103515632,0.02745427466470285,PETR4
2021-05-11,8.879996948242194,0.046173029056999715,PETR4
2021-05-12,5.920005493164069,0.03078205851270832,PETR4
2021-05-13,7.599998168945319,0.03951746136098855,PETR4
2021-05-14,18.079993896484382,0.09400995162481474,PETR4
2021-05-17,20.959998779296882,0.10898501861115273,PETR4
2021-05-18,18.48000305175782,0.0960898661177092,PETR4
2021-05-19,16.879996948242194,0.08777036682738237,PETR4
2021-05-20,15.120002441406257,0.07861898108052334,PETR4
2021-05-21,15.280006103515632,0.07945094687768117,PETR4
2021-05-24,18.799995117187507,0.09775371837139923,PETR4
2021-05-25,14.400001220703132,0.07487521433393884,PETR4
2021-05-26,16.400001220703132,0.08527454877653451,PETR4
2021-05-27,14.959998779296882,0.07778701528336573,PETR4
2021-05-28,23.59999816894532,0.12271213690175387,PETR4
2021-05-31,22.640006713867194,0.11772050080005814,PETR4
2021-06-01,26.000007324218757,0.135191385837244,PETR4
2021-06-02,30.640006713867194,0.15931783857044102,PETR4
2021-06-04,35.68000000000001,0.18552412645590688,PETR4
2021-06-07,34.00000732421876,0.17678872360762665,PETR4
2021-06-08,36.95999877929688,0.19217969415191805,PETR4
2021-06-09,36.95999877929688,0.19217969415191805,PETR4
2021-06-10,37.12000244140626,0.19301165994907588,PETR4
2021-06-11,36.23999755859376,0.18843592740533355,PETR4
2021-06-14,37.68000000000001,0.19592346089850254,PETR4
2021-06-15,39.92000549316407,0.20757074403683484,PETR4
2021-06-16,40.79999511718751,0.21214639723995177,PETR4
2021-06-17,32.71999328613282,0.17013307657099008,PETR4
2021-06-18,34.23999755859376,0.17803659296273788,PETR4
2021-06-21,39.28000610351563,0.20424296018882915,PETR4
2021-06-22,40.48000305175782,0.2104825449862615,PETR4
2021-06-23,42.07999389648438,0.21880196493596293,PETR4
2021-06-24,44.879996948242194,0.2333610490237219,PETR4
2021-06-25,40.48000305175782,0.2104825449862615,PETR4
2021-06-28,40.07999389648438,0.20840263049336727,PETR4
2021-06-29,41.12000244140626,0.2138103288342672,PETR4
2021-06-30,43.12000244140626,0.22420966327686287,PETR4
2021-07-01,40.15999572753907,0.20881861339194607,PETR4
2021-07-02,41.12000244140626,0.2138103288342672,PETR4
2021-07-05,38.48000305175782,0.20008321054366585,PETR4
2021-07-06,29.04000061035157,0.1509983392801142,PETR4
2021-07-07,32.07999389648438,0.1668052927229846,PETR4
2021-07-08,27.59999816894532,0.1435108057869452,PETR4
2021-07-12,29.519996337890632,0.15349415733096206,PETR4
2021-07-13,30.879996948242194,0.16056570792555225,PETR4
2021-07-14,29.04000061035157,0.1509983392801142,PETR4
2021-07-15,24.319999389648444,0.12645590364833836,PETR4
2021-07-16,21.120002441406257,0.10981698440831034,PETR4
2021-07-19,17.59999816894532,0.09151413357396687,PETR4
2021-07-20,20.400001220703132,0.10607321766172584,PETR4
2021-07-21,23.359992675781257,0.12146418820601745,PETR4
2021-07-22,22.879996948242194,0.11896837015516959,PETR4
2021-07-23,21.59999816894532,0.1123128024591582,PETR4
2021-07-26,27.439994506835944,0.1426788399897876,PETR4
2021-07-27,24.879996948242194,0.12936770459776525,PETR4
2021-07-28,29.359992675781257,0.15266219153380445,PETR4
2021-07-29,30.15999572753907,0.15682194117896775,PETR4
2021-07-30,22.959998779296882,0.1193843530537484,PETR4
2021-08-02,18.959998779296882,0.09858568416855706,PETR4
2021-08-03,22.48000305175782,0.11688853500290053,PETR4
2021-08-04,17.92000549316407,0.09317806516828231,PETR4
2021-08-05,34.48000305175782,0.17928454165847452,PETR4
2021-08-06,34.79999511718751,0.18094839391216477,PETR4
2021-08-09,33.200004272460944,0.17262897396246335,PETR4
2021-08-10,33.92000549316407,0.17637274070904785,PETR4
2021-08-11,37.04000061035157,0.19259567705049685,PETR4
2021-08-12,40.48000305175782,0.2104825449862615,PETR4
2021-08-13,42.48000305175782,0.22088187942885718,PETR4
2021-08-16,36.79999511718751,0.19134772835476044,PETR4
2021-08-17,23.92000549316407,0.12437606849606953,PETR4
2021-08-18,22.000007324218757,0.11439271695205266,PETR4
2021-08-19,20.799995117187507,0.1081530528139949,PETR4
2021-08-20,20.48000305175782,0.10648920056030486,PETR4
2021-08-23,23.840003662109382,0.1239600855974905,PETR4
2021-08-24,28.319999389648444,0.1472545725335297,PETR4
2021-08-25,29.519996337890632,0.15349415733096206,PETR4
2021-08-26,27.59999816894532,0.1435108057869452,PETR4
2021-08-27,35.59999816894532,0.18510814355732808,PETR4
2021-08-30,34.07999389648438,0.17720462716558028,PETR4
2021-08-31,25.200004272460944,0.1310316361920807,PETR4
2021-09-01,24.000007324218757,0.12479205139464833,PETR4
2021-09-02,20.48000305175782,0.10648920056030486,PETR4
2021-09-03,18.319999389648444,0.09525790032055137,PETR4
2021-09-06,19.359992675781257,0.1006655193208259,PETR4
2021-09-08,7.439994506835944,0.03868549556383072,PETR4
2021-09-09,11.680000000000007,0.06073211314475868,PETR4
2021-09-10,10.400001220703132,0.054076545448747515,PETR4
2021-09-13,17.519996337890632,0.09109815067538807,PETR4
2021-09-14,14.71999328613282,0.0765390665876291,PETR4
2021-09-15,18.319999389648444,0.09525790032055137,PETR4
2021-09-16,16.48000305175782,0.08569053167511353,PETR4
2021-09-17,7.120002441406257,0.037021643310140684,PETR4
2021-09-20,4.879996948242194,0.025374360171808386,PETR4
2021-09-21,9.359992675781257,0.04866884710784758,PETR4
2021-09-22,14.48000305175782,0.07529119723251787,PETR4
2021-09-23,22.400001220703132,0.1164725521043215,PETR4
2021-09-24,22.879996948242194,0.11896837015516959,PETR4
2021-09-27,24.799995117187507,0.12895172169918623,PETR4
2021-09-28,23.359992675781257,0.12146418820601745,PETR4
2021-09-29,26.799995117187507,0.1393510561417819,PETR4
2021-09-30,25.519996337890632,0.13269548844577073,PETR4
2021-10-01,31.680000000000007,0.16472545757071555,PETR4
2021-10-04,38.00000732421876,0.19758739249281798,PETR4
2021-10-05,43.04000061035157,0.22379368037828407,PETR4
2021-10-06,36.79999511718751,0.19134772835476044,PETR4
2021-10-07,36.48000305175782,0.18968387610107018,PETR4
2021-10-08,40.640006713867194,0.21131451078341934,PETR4
2021-10-11,42.23999755859376,0.21963393073312054,PETR4
2021-10-13,44.71999328613282,0.23252908322656407,PETR4
2021-10-14,45.12000244140626,0.23460899771945853,PETR4
2021-10-15,44.48000305175782,0.23128121387145284,PETR4
2021-10-18,43.28000610351563,0.22504162907402048,PETR4
2021-10-19,31.760001831054694,0.16514144046929435,PETR4
2021-10-20,35.68000000000001,0.18552412645590688,PETR4
2021-10-21,27.280006103515632,0.14184695353325516,PETR4
2021-10-22,25.120002441406257,0.13061565329350167,PETR4
2021-10-25,40.00000732421876,0.20798672693541365,PETR4
2021-10-26,37.760001831054694,0.19633944379708135,PETR4
2021-10-27,37.200004272460944,0.19342764284765468,PETR4
2021-10-28,39.35999267578126,0.20465886374678277,PETR4
2021-10-29,24.879996948242194,0.12936770459776525,PETR4
2021-11-01,31.680000000000007,0.16472545757071555,PETR4
2021-11-03,22.48000305175782,0.11688853500290053,PETR4
2021-11-04,15.680000000000007,0.08153078202995001,PETR4
2021-11-05,14.48000305175782,0.07529119723251787,PETR4
2021-11-08,16.640006713867194,0.08652249747227114,PETR4
2021-11-09,20.799995117187507,0.1081530528139949,PETR4
2021-11-10,19.120002441406257,0.09941764996571467,PETR4
2021-11-11,19.280006103515632,0.1002496157628725,PETR4
2021-11-12,23.59999816894532,0.12271213690175387,PETR4
2021-11-16,25.840003662109382,0.13435942004008616,PETR4
2021-11-17,20.319999389648444,0.10565723476314703,PETR4
2021-11-18,20.000007324218757,0.103993382509457,PETR4
2021-11-19,16.48000305175782,0.08569053167511353,PETR4
2021-11-22,18.560004882812507,0.096505849016288,PETR4
2021-11-23,30.079993896484382,0.15640595828038895,PETR4
2021-11-24,34.640006713867194,0.18011650745563235,PETR4
2021-11-25,44.640006713867194,0.23211317966861067,PETR4
2021-11-26,35.439994506835944,0.18427617776017025,PETR4
2021-11-29,43.439994506835944,0.2258735155305529,PETR4
2021-11-30,43.12000244140626,0.22420966327686287,PETR4
2021-12-01,44.48000305175782,0.23128121387145284,PETR4
2021-12-02,34.56000488281251,0.17970052455705332,PETR4
2021-12-03,37.760001831054694,0.19633944379708135,PETR4
2021-12-06,38.79999511718751,0.2017470627973561,PETR4
2021-12-07,42.56000488281251,0.22129786232743598,PETR4
2021-12-08,42.48000305175782,0.22088187942885718,PETR4
2021-12-09,42.00000732421876,0.2183860613780093,PETR4
2021-12-10,44.879996948242194,0.2333610490237219,PETR4
2021-12-13,43.439994506835944,0.2258735155305529,PETR4
2021-12-14,40.640006713867194,0.21131451078341934,PETR4
2021-12-15,42.07999389648438,0.21880196493596293,PETR4
2021-12-16,45.200004272460944,0.23502498061803734,PETR4
2021-12-17,39.59999816894532,0.2059068124425194,PETR4
2021-12-20,32.95999877929688,0.17138102526672672,PETR4
2021-12-21,33.28000610351563,0.17304495686104215,PETR4
2021-12-22,32.95999877929688,0.17138102526672672,PETR4
2021-12-23,34.319999389648444,0.1784525758613167,PETR4
2021-12-27,37.68000000000001,0.19592346089850254,PETR4
2021-12-28,37.92000549316407,0.19717140959423918,PETR4
2021-12-29,36.00000732421876,0.18718805805022232,PETR4
2021-12-30,35.28000610351563,0.18344429130363782,PETR4
2022-01-03,40.40000122070313,0.2100665620876827,PETR4
2022-01-04,41.28000610351563,0.2146422946314248,PETR4
2022-01-05,32.23999755859376,0.16763725852014222,PETR4
2022-01-06,32.07999389648438,0.1668052927229846,PETR4
2022-01-07,33.12000244140626,0.17221299106388455,PETR4
2022-01-10,31.760001831054694,0.16514144046929435,PETR4
2022-01-11,38.40000122070313,0.19966722764508704,PETR4
2022-01-12,45.439994506835944,0.23627284997314857,PETR4
2022-01-13,50.23999755859376,0.2612312685035034,PETR4
2022-01-14,59.28000610351563,0.308236304614786,PETR4
2022-01-17,59.68000000000001,0.31031613976705485,PETR4
2022-01-18,60.79999511718751,0.3161397416659084,PETR4
2022-01-19,59.59999816894532,0.30990015686847605,PETR4
2022-01-20,61.439994506835944,0.3194675255139141,PETR4
2022-01-21,61.84000366210938,0.32154744000680835,PETR4
2022-01-24,63.28000610351563,0.32903497349997735,PETR4
2022-01-25,71.60001342773438,0.37229624286467544,PETR4
2022-01-26,78.63999145507813,0.4089017858521118,PETR4
2022-01-27,78.72000854492188,0.409317848091316,PETR4
2022-01-28,68.00000732421876,0.3535774091317532,PETR4
2022-01-31,66.47998779296876,0.34567381339937997,PETR4
2022-02-01,71.68,0.37271214642262906,PETR4
2022-02-02,67.84000366210938,0.35274544333459534,PETR4
2022-02-03,64.23999755859376,0.3340266096016731,PETR4
2022-02-04,68.72000854492188,0.35732117587833767,PETR4
2022-02-07,64.88001220703126,0.33735447279030395,PETR4
2022-02-08,62.319999389648444,0.3240432580576562,PETR4
2022-02-09,63.28000610351563,0.32903497349997735,PETR4
2022-02-10,67.19998901367188,0.34941758014596447,PETR4
2022-02-11,77.75998657226563,0.40432605330836946,PETR4
2022-02-14,71.68,0.37271214642262906,PETR4
2022-02-15,67.51999633789063,0.3510815117402799,PETR4
2022-02-16,71.12000244140626,0.3698003454732022,PETR4
2022-02-17,70.07999389648438,0.36439264713230224,PETR4
2022-02-18,71.68,0.37271214642262906,PETR4
2022-02-21,78.47998779296876,0.40806982005495396,PETR4
2022-02-22,77.60001342773438,0.40349424619246244,PETR4
2022-02-23,81.440009765625,0.42346094928049616,PETR4
2022-02-24,74.7999951171875,0.38893508276407807,PETR4
2022-02-25,79.68,0.4143094841930117,PETR4
2022-03-02,85.0399853515625,0.44217962433216784,PETR4
2022-03-03,81.60001342773438,0.42429291507765377,PETR4
2022-03-04,81.51999633789063,0.42387685283844956,PETR4
2022-03-07,62.07999389648438,0.3227953093619196,PETR4
2022-03-08,67.35999267578126,0.3502495459431223,PETR4
2022-03-09,68.16001098632813,0.3544093749289108,PETR4
2022-03-10,77.28000610351563,0.401830314598147,PETR4
2022-03-11,67.60001342773438,0.3514975739794841,PETR4
2022-03-14,62.640006713867194,0.32570718965197165,PETR4
2022-03-15,56.48000305175782,0.29367722052702705,PETR4
2022-03-16,54.319999389648444,0.28244592028727356,PETR4
2022-03-17,47.760001831054694,0.24833611601005967,PETR4
2022-03-18,52.56000488281251,0.2732945345404145,PETR4
2022-03-21,61.760001831054694,0.32113145710822955,PETR4
2022-03-22,60.640006713867194,0.315307855209376,PETR4
2022-03-23,64.07999389648438,0.33319464380451524,PETR4
2022-03-24,67.0399853515625,0.34858561434880664,PETR4
2022-03-25,66.07999389648438,0.3435939782471109,PETR4
2022-03-28,60.48000305175782,0.3144758894122184,PETR4
2022-03-29,66.07999389648438,0.3435939782471109,PETR4
2022-03-30,71.60001342773438,0.37229624286467544,PETR4
2022-03-31,75.28000610351563,0.39143098015555133,PETR4
2022-04-01,71.75998657226563,0.37312804998058247,PETR4
2022-04-04,69.28000610351563,0.36023297682776434,PETR4
2022-04-05,66.7999951171875,0.3473377449936954,PETR4
2022-04-06,66.5600048828125,0.3460898756385842,PETR4
2022-04-07,80.00000732421876,0.41597341578732716,PETR4
2022-04-08,81.35999267578126,0.42304488704129195,PETR4
2022-04-11,79.28000610351563,0.41222964904074266,PETR4
2022-04-12,78.47998779296876,0.40806982005495396,PETR4
2022-04-13,84.23999755859376,0.4380199540276297,PETR4
2022-04-14,57.84000366210938,0.300748771121617,PETR4
2022-04-18,53.439994506835944,0.2778701877435312,PETR4
2022-04-19,60.879996948242194,0.3165557245644872,PETR4
2022-04-20,62.07999389648438,0.3227953093619196,PETR4
2022-04-22,52.15999572753907,0.27121462004752006,PETR4
2022-04-25,48.56000488281251,0.2524958656552232,PETR4
2022-04-26,48.15999572753907,0.25041595116232873,PETR4
2022-04-27,48.15999572753907,0.25041595116232873,PETR4
2022-04-28,49.760001831054694,0.25873545045265556,PETR4
2022-04-29,49.92000549316407,0.25956741624981317,PETR4
2022-05-02,47.51999633789063,0.24708816731432326,PETR4
2022-05-03,49.68000000000001,0.25831946755407653,PETR4
2022-05-04,64.23999755859376,0.3340266096016731,PETR4
2022-05-05,63.75998657226563,0.3315307122101998,PETR4
2022-05-06,72.16001098632813,0.3752080438141021,PETR4
2022-05-09,64.95999877929688,0.3377703763482576,PETR4
2022-05-10,67.19998901367188,0.34941758014596447,PETR4
2022-05-11,76.23999755859376,0.39642261625724706,PETR4
2022-05-12,78.3200146484375,0.40723801293904693,PETR4
2022-05-13,81.84000366210938,0.425540784432765,PETR4
2022-05-16,84.5600048828125,0.43968388562194516,PETR4
2022-05-17,80.95999877929688,0.4209650518890229,PETR4
2022-05-18,76.47998779296876,0.3976704856123583,PETR4
2022-05-19,81.0399853515625,0.4213809554469765,PETR4
2022-05-20,86.3200146484375,0.4488353507094296,PETR4
2022-05-23,97.28000610351563,0.5058236590241039,PETR4
2022-05-24,60.48000305175782,0.3144758894122184,PETR4
2022-05-25,64.07999389648438,0.33319464380451524,PETR4
2022-05-26,64.72000854492188,0.33652250699314634,PETR4
2022-05-27,52.48000305175782,0.2728785516418355,PETR4
2022-05-30,47.59999816894532,0.24750415021290206,PETR4
2022-05-31,48.15999572753907,0.25041595116232873,PETR4
2022-06-01,47.84000366210938,0.2487520989086387,PETR4
2022-06-02,45.760001831054694,0.237936781567464,PETR4
2022-06-03,49.92000549316407,0.25956741624981317,PETR4
2022-06-06,50.07999389648438,0.2603993027063456,PETR4
2022-06-07,52.95999877929688,0.27537436969268336,PETR4
2022-06-08,51.760001831054694,0.2691347848952512,PETR4
2022-06-09,48.23999755859376,0.25083193406090754,PETR4
2022-06-10,44.879996948242194,0.2333610490237219,PETR4
2022-06-13,41.84000366210938,0.2175540955808517,PETR4
2022-06-14,44.48000305175782,0.23128121387145284,PETR4
2022-06-15,40.319999389648444,0.2096505791891039,PETR4
2022-06-17,26.15999572753907,0.13602327229377642,PETR4
2022-06-20,28.640006713867194,0.14891850412784513,PETR4
2022-06-21,24.239997558593757,0.12603992074975956,PETR4
2022-06-22,23.59999816894532,0.12271213690175387,PETR4
2022-06-23,19.59999816894532,0.10191346801656254,PETR4
2022-06-24,18.000007324218757,0.09359404806686134,PETR4
2022-06-27,31.519996337890632,0.16389349177355772,PETR4
2022-06-28,34.319999389648444,0.1784525758613167,PETR4
2022-06-29,32.319999389648444,0.16805324141872102,PETR4
2022-06-30,31.120002441406257,0.16181365662128888,PETR4
2022-07-01,35.92000549316407,0.1867720751516435,PETR4
2022-07-04,40.79999511718751,0.21214639723995177,PETR4
2022-07-05,31.92000549316407,0.16597340626645218,PETR4
2022-07-06,29.04000061035157,0.1509983392801142,PETR4
2022-07-07,35.51999633789063,0.18469216065874905,PETR4
2022-07-08,38.07999389648438,0.1980032960507716,PETR4
2022-07-11,36.95999877929688,0.19217969415191805,PETR4
2022-07-12,33.51999633789063,0.17429282621615338,PETR4
2022-07-13,33.68000000000001,0.17512479201331121,PETR4
2022-07-14,27.59999816894532,0.1435108057869452,PETR4
2022-07-15,31.359992675781257,0.1630615259764001,PETR4
2022-07-18,36.48000305175782,0.18968387610107018,PETR4
2022-07-19,41.12000244140626,0.2138103288342672,PETR4
2022-07-20,41.04000061035157,0.21339434593568818,PETR4
2022-07-21,39.84000366210938,0.20715476113825604,PETR4
2022-07-22,42.319999389648444,0.22004991363169957,PETR4
2022-07-25,53.28000610351563,0.277038301286999,PETR4
2022-07-26,55.760001831054694,0.28993345378044255,PETR4
2022-07-27,58.48000305175782,0.3040765549696227,PETR4
2022-07-28,66.00000732421876,0.3431780746891575,PETR4
2022-07-29,80.88001220703126,0.42054914833106927,PETR4
2022-08-01,77.12000244140626,0.4009983488009894,PETR4
2022-08-02,78.3200146484375,0.40723801293904693,PETR4
2022-08-03,78.47998779296876,0.40806982005495396,PETR4
2022-08-04,81.35999267578126,0.42304488704129195,PETR4
2022-08-05,86.63999145507813,0.45049912362249445,PETR4
2022-08-08,100.72000854492188,0.5237105269598683,PETR4
2022-08-09,105.51999633789063,0.5486688661495978,PETR4
2022-08-10,104.5600048828125,0.543677230047902,PETR4
2022-08-11,97.68,0.5079034941763727,PETR4
2022-08-12,61.35999267578126,0.3190515426153351,PETR4
2022-08-15,61.439994506835944,0.3194675255139141,PETR4
2022-08-16,63.75998657226563,0.3315307122101998,PETR4
2022-08-17,69.75998657226563,0.3627287155379868,PETR4
2022-08-18,75.0399853515625,0.3901829521191895,PETR4
2022-08-19,61.51999633789063,0.3198835084124929,PETR4
2022-08-22,66.95999877929688,0.34816971079085324,PETR4
2022-08-23,75.19998901367188,0.3910149179163471,PETR4
2022-08-24,76.7999951171875,0.39933441720667373,PETR4
2022-08-25,73.919990234375,0.38435935022033596,PETR4
2022-08-26,76.7999951171875,0.39933441720667373,PETR4
2022-08-29,83.51999633789063,0.4342761872810452,PETR4
2022-08-30,67.12000244140626,0.34900167658801085,PETR4
2022-08-31,73.51999633789063,0.3822795150680669,PETR4
2022-09-01,78.47998779296876,0.40806982005495396,PETR4
2022-09-02,75.0399853515625,0.3901829521191895,PETR4
2022-09-05,74.40000122070313,0.3868552476118092,PETR4
2022-09-06,64.47998779296876,0.3352744789567843,PETR4
2022-09-08,62.07999389648438,0.3227953093619196,PETR4
2022-09-09,62.00000732421876,0.3223794058039662,PETR4
2022-09-12,59.51999633789063,0.30948417396989725,PETR4
2022-09-13,52.879996948242194,0.27495838679410456,PETR4
2022-09-14,56.640006713867194,0.29450918632418466,PETR4
2022-09-15,56.15999572753907,0.2920132889327114,PETR4
2022-09-16,53.92000549316407,0.2803660851350045,PETR4
2022-09-19,57.84000366210938,0.300748771121617,PETR4
2022-09-20,56.40000122070313,0.293261237628448,PETR4
2021-05-13,-6.408691390902277e-06,-1.8990403249929955e-08,VALE3
2021-05-14,-5.790007324218735,-0.017157102332707286,VALE3
2021-05-17,2.909997253417984,0.008622980571363348,VALE3
2021-05-18,6.329995422363297,0.018757209299680833,VALE3
2021-05-19,-0.7199999999999847,-0.0021335229798203903,VALE3
2021-05-20,-4.139998168945297,-0.012267751708137875,VALE3
2021-05-21,-9.269995422363266,-0.027469094800614213,VALE3
2021-05-24,-8.13000366210936,-0.024091041165464677,VALE3
2021-05-25,-16.319990844726547,-0.048359827080115436,VALE3
2021-05-26,-6.870009155273422,-0.02035739222826749,VALE3
2021-05-27,-4.500006408691391,-0.013334537614280939,VALE3
2021-05-28,-2.7000109863281097,-0.008000743729303705,VALE3
2021-05-31,6.86999633789064,0.02035735424746088,VALE3
2021-06-01,2.129990844726578,0.006311645019487999,VALE3
2021-06-02,6.930009155273453,0.0205351858099192,VALE3
2021-06-04,1.230004577636734,0.003644781988433765,VALE3
2021-06-07,-2.069990844726547,-0.006133851437836069,VALE3
2021-06-08,-7.710005493164047,-0.02284649151973228,VALE3
2021-06-09,-0.8700091552734222,-0.002578034063097201,VALE3
2021-06-10,-1.9799945068359222,-0.005867171917017577,VALE3
2021-06-11,5.54998901367189,0.016445873747805484,VALE3
2021-06-14,3.6900036621093903,0.010934316123238697,VALE3
2021-06-15,-2.9699999999999847,-0.00880078229175918,VALE3
2021-06-16,-13.019995422363266,-0.0385811936538456,VALE3
2021-06-17,-19.769995422363266,-0.05858297158966208,VALE3
2021-06-18,-10.20001098632811,-0.030224941435766484,VALE3
2021-06-21,-7.139998168945297,-0.021157430790723075,VALE3
2021-06-22,-3.269995422363266,-0.009689736635443924,VALE3
2021-06-23,1.7399990844726716,0.005156011154984652,VALE3
2021-06-24,-4.38000366210936,-0.012978942312233288,VALE3
2021-06-25,-0.2699954223632659,-0.000800057552858835,VALE3
2021-06-28,-5.670004577636703,-0.016801507030659635,VALE3
2021-06-29,0.0600064086914216,0.0001778125720550694,VALE3
2021-06-30,2.2800000000000153,0.006756156102764699,VALE3
2021-07-01,-3.6300036621093597,-0.010756522541586988,VALE3
2021-07-02,3.270005493164078,0.009689766477506412,VALE3
2021-07-05,2.039994506835953,0.006044965498669397,VALE3
2021-07-06,3.839989929199234,0.011378759383646742,VALE3
2021-07-07,4.829995422363297,0.014312369758388233,VALE3
2021-07-08,3.5100109863281403,0.010400957081601714,VALE3
2021-07-12,7.739999084472672,0.02293536932015483,VALE3
2021-07-13,9.780000000000015,0.028980353809227477,VALE3
2021-07-14,7.890008239746109,0.023379880403431752,VALE3
2021-07-15,8.970010070800797,0.026580170298991845,VALE3
2021-07-16,2.730004577636734,0.008089621529726365,VALE3
2021-07-19,-0.9899890136718597,-0.0029335615422759753,VALE3
2021-07-20,1.8299954223632966,0.0054226906758032545,VALE3
2021-07-21,5.730004577636734,0.016979300612311343,VALE3
2021-07-22,6.629990844726578,0.019646163643365577,VALE3
2021-07-23,4.890008239746109,0.014490201320846552,VALE3
2021-07-26,12.329995422363297,0.03653656746485101,VALE3
2021-07-27,5.070000915527359,0.015023560362483757,VALE3
2021-07-28,14.430009155273453,0.04275938351638198,VALE3
2021-07-29,9.239999084472672,0.02738020886144743,VALE3
2021-07-30,-11.189993591308578,-0.0331584839876391,VALE3
2021-08-02,-10.679999084472641,-0.03164725482108821,VALE3
2021-08-03,0.44999816894532785,0.0013334464365581944,VALE3
2021-08-04,0.0899899291992341,0.0002666605304153524,VALE3
2021-08-05,-10.229994506835922,-0.030313789394126656,VALE3
2021-08-06,-8.370009155273422,-0.02480223176955998,VALE3
2021-08-09,-10.439993591308578,-0.03093606421699291,VALE3
2021-08-10,-7.290007324218735,-0.021601941873999886,VALE3
2021-08-11,-9.660010070800766,-0.028624796487986437,VALE3
2021-08-12,-9.870009155273422,-0.02924707131085258,VALE3
2021-08-13,-12.569990844726547,-0.03724772822688405,VALE3
2021-08-16,-11.069990844726547,-0.03280288868559145,VALE3
2021-08-17,-16.469999999999985,-0.04880433816339225,VALE3
2021-08-18,-27.23998901367186,-0.0807182535148957,VALE3
2021-08-19,-44.93999359130858,-0.1331673736667217,VALE3
2021-08-20,-44.81999084472655,-0.13281177836467406,VALE3
2021-08-23,-48.87000915527342,-0.14481289938445918,VALE3
2021-08-24,-38.340002746582016,-0.11361010681418204,VALE3
2021-08-25,-38.969999999999985,-0.11547693128278069,VALE3
2021-08-26,-42.7799899291992,-0.1267667938756014,VALE3
2021-08-27,-35.399992675781235,-0.10489819147118629,VALE3
2021-08-30,-37.31999084472655,-0.11058758065821128,VALE3
2021-08-31,-41.42999908447264,-0.12276646541758574,VALE3
2021-09-01,-40.9200045776367,-0.12125523625103474,VALE3
2021-09-02,-41.84999725341795,-0.12401101506331813,VALE3
2021-09-03,-41.6399981689453,-0.12338874024045188,VALE3
2021-09-06,-46.290007324218735,-0.13716776994760638,VALE3
2021-09-08,-52.34999725341795,-0.155124891852366,VALE3
2021-09-09,-53.37000915527342,-0.15814741800833676,VALE3
2021-09-10,-53.040007324218735,-0.15716954788342297,VALE3
2021-09-13,-53.18999359130858,-0.1576139911438308,VALE3
2021-09-14,-55.20001098632811,-0.16357012767454326,VALE3
2021-09-15,-62.25000640869139,-0.1844608599540445,VALE3
2021-09-16,-73.67999908447264,-0.21833051555537575,VALE3
2021-09-17,-79.01999542236327,-0.23415413347071823,VALE3
2021-09-20,-89.21999999999998,-0.26437905591608135,VALE3
2021-09-21,-85.10999176025389,-0.2522001711567069,VALE3
2021-09-22,-76.1399981689453,-0.2256200496901808,VALE3
2021-09-23,-100.73998901367186,-0.2985153910382311,VALE3
2021-09-24,-104.39999267578123,-0.309360810370644,VALE3
2021-09-27,-101.06999084472655,-0.299493261163145,VALE3
2021-09-28,-112.9200045776367,-0.33460753423307765,VALE3
2021-09-29,-110.06999084472655,-0.3261622984109004,VALE3
2021-09-30,-108.75000640869139,-0.32225088573411387,VALE3
2021-10-01,-108.87000915527342,-0.3226064810361615,VALE3
2021-10-04,-111.00000640869139,-0.32891814504605266,VALE3
2021-10-05,-112.62000915527342,-0.3337185798893929,VALE3
2021-10-06,-106.29000732421873,-0.3149613515993088,VALE3
2021-10-07,-99.3899981689453,-0.2945150625802154,VALE3
2021-10-08,-97.9200045776367,-0.290159138820152,VALE3
2021-10-11,-92.60999176025389,-0.2744243688631698,VALE3
2021-10-13,-99.87000915527342,-0.29593744378840614,VALE3
2021-10-14,-99.87000915527342,-0.29593744378840614,VALE3
2021-10-15,-95.42999908447264,-0.2827806889041178,VALE3
2021-10-18,-97.71000549316405,-0.28953686399728584,VALE3
2021-10-19,-100.46999999999998,-0.29771535247577563,VALE3
2021-10-20,-107.46000549316405,-0.3184283210156875,VALE3
2021-10-21,-111.98998901367186,-0.3318516875979254,VALE3
2021-10-22,-109.22999450683592,-0.3236731991194356,VALE3
2021-10-25,-106.46999999999998,-0.3154947106409458,VALE3
2021-10-26,-108.92999908447264,-0.32278424477575085,VALE3
2021-10-27,-114.12000915527342,-0.3381634194306855,VALE3
2021-10-28,-116.37000915527342,-0.3448306787426243,VALE3
2021-10-29,-122.6399981689453,-0.36341007547025006,VALE3
2021-11-01,-120.51000091552733,-0.3570984114603589,VALE3
2021-11-03,-136.9799945068359,-0.4059027306333479,VALE3
2021-11-04,-139.2600009155273,-0.412658905726516,VALE3
2021-11-05,-145.13999816894528,-0.4300826685896385,VALE3
2021-11-08,-134.6700045776367,-0.3990577075818198,VALE3
2021-11-09,-139.64999267578122,-0.4138145395910192,VALE3
2021-11-10,-140.39999267578122,-0.4160369593616654,VALE3
2021-11-11,-133.43999359130856,-0.3954129066029828,VALE3
2021-11-12,-132.56999084472653,-0.3928348915302887,VALE3
2021-11-16,-138.4799945068359,-0.4103475701746405,VALE3
2021-11-17,-142.46999999999997,-0.4221708596319672,VALE3
2021-11-18,-150.4799945068359,-0.445906286504981,VALE3
2021-11-19,-145.38000366210935,-0.4307938591937338,VALE3
2021-11-22,-134.7000109863281,-0.39914662336304896,VALE3
2021-11-23,-129.35999176025388,-0.3833229376248375,VALE3
2021-11-24,-124.5299899291992,-0.3690105488760459,VALE3
2021-11-25,-125.96999999999998,-0.37327762467774905,VALE3
2021-11-26,-131.55000183105466,-0.38981243319718695,VALE3
2021-11-29,-128.96999999999997,-0.38216730376033425,VALE3
2021-11-30,-127.62000915527342,-0.37816697530231846,VALE3
2021-12-01,-126.7799899291992,-0.3756778081879847,VALE3
2021-12-02,-117.00000640869139,-0.34669750321122295,VALE3
2021-12-03,-121.85999176025389,-0.3610987399183747,VALE3
2021-12-06,-110.16001007080077,-0.32642904575458787,VALE3
2021-12-07,-108.47999450683592,-0.3214507793487893,VALE3
2021-12-08,-110.18999359130858,-0.32651789371294804,VALE3
2021-12-09,-111.92999908447264,-0.33167392385833594,VALE3
2021-12-10,-110.51999542236327,-0.32749576383786194,VALE3
2021-12-13,-103.8899981689453,-0.3078495812040931,VALE3
2021-12-14,-103.9200045776367,-0.3079384969853223,VALE3
2021-12-15,-105.23998901367186,-0.3118499096621088,VALE3
2021-12-16,-96.14999267578123,-0.2849141928935349,VALE3
2021-12-17,-99.96000549316405,-0.29620412330922463,VALE3
2021-12-20,-102.63000366210936,-0.3041159322668959,VALE3
2021-12-21,-96.45001098632811,-0.28580321506008866,VALE3
2021-12-22,-97.71000549316405,-0.28953686399728584,VALE3
2021-12-23,-100.01999542236327,-0.2963818870488141,VALE3
2021-12-27,-100.62000915527342,-0.29815986355905244,VALE3
2021-12-28,-106.31999084472655,-0.315050199557669,VALE3
2021-12-29,-105.71999999999998,-0.3132722908702995,VALE3
2021-12-30,-103.59000274658202,-0.30696062686040837,VALE3
2022-01-03,-103.46999999999998,-0.3066050315583607,VALE3
2022-01-04,-106.22996704101567,-0.07112010486989473,VALE3
2022-01-05,-93.09004394531254,-0.06232303249399973,VALE3
2022-01-06,-64.8300494384766,-0.04340319443951912,VALE3
2022-01-07,18.329999999999956,0.012271786940890594,VALE3
2022-01-10,0.32999999999995566,0.000220932334451307,VALE3
2022-01-11,28.77003295898433,0.01926130467839915,VALE3
2022-01-12,45.329999999999956,0.030348068850549303,VALE3
2022-01-13,21.92994506835933,0.014681921085888616,VALE3
2022-01-14,30.750043945312456,0.020586906040365394,VALE3
2022-01-17,22.829999999999956,0.015284500592500416,VALE3
2022-01-18,59.909956054687456,0.04010923166073321,VALE3
2022-01-19,94.10998352050777,0.06300587380111256,VALE3
2022-01-20,67.10998352050777,0.044929591891453846,VALE3
2022-01-21,34.710065917968706,0.023238108764297882,VALE3
2022-01-24,15.990049438476518,0.01070520894071425,VALE3
2022-01-25,19.409956054687456,0.012994808796245039,VALE3
2022-01-26,23.73005493164058,0.015887080099111994,VALE3
2022-01-27,27.149961547851518,0.018176679954643005,VALE3
2022-01-28,12.210065917968706,0.008174540506248773,VALE3
2022-01-31,-38.00995056152348,-0.02544735487860339,VALE3
2022-02-01,41.909956054687456,0.028058377054294148,VALE3
2022-02-02,50.55001647949214,0.03384282771930347,VALE3
2022-02-03,49.829999999999956,0.033360782502159125,VALE3
2022-02-04,90.32999999999996,0.0604752053666473,VALE3
2022-02-07,128.6699505615234,0.086143492579702,VALE3
2022-02-08,151.34998901367183,0.10132759512721812,VALE3
2022-02-09,151.7100659179687,0.10156866370615236,VALE3
2022-02-10,195.99004943847652,0.1312137550051058,VALE3
2022-02-11,161.7900219726562,0.10831711286472667,VALE3
2022-02-14,154.5899945068359,0.10349675263400604,VALE3
2022-02-15,105.62997253417964,0.07071841339397578,VALE3
2022-02-16,117.32999999999996,0.07855148727630601,VALE3
2022-02-17,48.03002746582027,0.032155715429660114,VALE3
2022-02-18,51.27003295898433,0.034324872936448036,VALE3
2022-02-21,52.53002746582027,0.035168429081269714,VALE3
2022-02-22,79.34998901367183,0.05312417670146141,VALE3
2022-02-23,62.790021972656206,0.04203741252931126,VALE3
2022-02-24,82.05001647949214,0.054931823280572,VALE3
2022-02-25,167.3699780273437,0.11205284837169094,VALE3
2022-03-02,300.03002746582024,0.20086767991980836,VALE3
2022-03-03,300.9299450683593,0.2014701674856958,VALE3
2022-03-04,341.7900219726562,0.22882565892911844,VALE3
2022-03-07,397.58999450683586,0.26618328982093487,VALE3
2022-03-08,314.60998352050774,0.2106288427299925,VALE3
2022-03-09,201.75004394531246,0.1350700248015375,VALE3
2022-03-10,257.73005493164055,0.17254818998282118,VALE3
2022-03-11,248.55001647949214,0.16640222839013452,VALE3
2022-03-14,155.12997253417964,0.10385826356168337,VALE3
2022-03-15,107.7900219726562,0.07216454904540903,VALE3
2022-03-16,146.6699505615234,0.09819434718614106,VALE3
2022-03-17,203.73005493164058,0.13639562616350376,VALE3
2022-03-18,235.94991943359355,0.1256369277559961,VALE3
2022-03-21,295.7899462890623,0.15750011783041917,VALE3
2022-03-22,247.16996643066386,0.1316112982384008,VALE3
2022-03-23,243.86993286132792,0.12985411993489349,VALE3
2022-03-24,253.99008056640605,0.13524282389866293,VALE3
2022-03-25,217.03007385253886,0.11556262352174285,VALE3
2022-03-28,219.44991943359355,0.11685112561226041,VALE3
2022-03-29,201.40992614746074,0.10724531884339483,VALE3
2022-03-30,231.1100604248045,0.12305983420115996,VALE3
2022-03-31,225.16996643066386,0.11989689538008652,VALE3
2022-04-01,255.08997985839824,0.13582849041729794,VALE3
2022-04-04,276.6500537109373,0.1473086445429186,VALE3
2022-04-05,214.39001342773417,0.11415686300417671,VALE3
2022-04-06,246.07006713867167,0.13102563171976578,VALE3
2022-04-07,258.8299395751951,0.13781991745349909,VALE3
2022-04-08,215.27003356933574,0.11462544984336542,VALE3
2022-04-11,189.9699999999998,0.10115386868154386,VALE3
2022-04-12,176.1100604248045,0.09377382705537429,VALE3
2022-04-13,176.77003356933574,0.09412524484131546,VALE3
2022-04-14,147.94991943359355,0.07877931632273905,VALE3
2022-04-18,114.50999328613261,0.060973463302573805,VALE3
2022-04-19,50.93000671386699,0.027118846191949597,VALE3
2022-04-20,0.7700335693357374,0.00041002197480111136,VALE3
2022-04-22,-108.13006713867208,-0.05757632579813532,VALE3
2022-04-25,-138.26995971679708,-0.07362500051479315,VALE3
2022-04-26,-162.0300000000002,-0.08627657705148495,VALE3
2022-04-27,-70.29004028320333,-0.03742753858202652,VALE3
2022-04-28,-25.630067138672075,-0.013647315079456712,VALE3
2022-04-29,-45.64997985839864,-0.02430737520614612,VALE3
2022-05-02,-53.790040283203325,-0.02864173643829082,VALE3
2022-05-03,-63.0300000000002,-0.03356176418907053,VALE3
2022-05-04,-78.2100537109377,-0.04164473076092379,VALE3
2022-05-05,-110.76995971679708,-0.058981996941900317,VALE3
2022-05-06,-123.30995300292989,-0.06565920299618744,VALE3
2022-05-09,-195.2500469970705,-0.10396535039220378,VALE3
2022-05-10,-216.14997985839864,-0.1150939973580819,VALE3
2022-05-11,-146.8499462890627,-0.07819361047963169,VALE3
2022-05-12,-164.22996643066426,-0.0874479994625561,VALE3
2022-05-13,-166.2100537109377,-0.08850234219418096,VALE3
2022-05-16,-114.95001342773458,-0.06120776208459644,VALE3
2022-05-17,-122.42993286132833,-0.06519061615699873,VALE3
2022-05-18,-166.87002685546895,-0.08885375998012224,VALE3
2022-05-19,-121.33003356933614,-0.06460494963836372,VALE3
2022-05-20,-90.30995300292989,-0.04808759870871593,VALE3
2022-05-23,-53.790040283203325,-0.02864173643829082,VALE3
2022-05-24,-29.149979858398638,-0.015521573062410421,VALE3
2022-05-25,-23.429932861328325,-0.01247580329458442,VALE3
2022-05-26,-24.5300000000002,-0.013061559187020566,VALE3
2022-05-27,7.81002685546855,0.004158627314509555,VALE3
2022-05-30,28.270033569335737,0.015053025547693943,VALE3
2022-05-31,18.589979858398237,0.009898659690419365,VALE3
2022-06-01,63.24995300292949,0.033678883192989284,VALE3
2022-06-02,99.77003356933574,0.05312483483721553,VALE3
2022-06-03,68.08997985839824,0.03625606612162646,VALE3
2022-06-06,70.07006713867167,0.03731040885325143,VALE3
2022-06-07,115.61006042480449,0.06155921919500984,VALE3
2022-06-08,46.9699999999998,0.02501025010250091,VALE3
2022-06-09,-18.149979858398638,-0.009664371633253288,VALE3
2022-06-10,-17.7100537109377,-0.009430122900559446,VALE3
2022-06-13,-76.67006042480489,-0.0408247261357938,VALE3
2022-06-14,-80.18997314453145,-0.04269898411874751,VALE3
2022-06-15,-81.29004028320333,-0.04328474001118365,VALE3
2022-06-17,-175.00991943359395,-0.0931880318384658,VALE3
2022-06-20,-217.0300000000002,-0.11556258419727061,VALE3
2022-06-21,-206.0300000000002,-0.10970538276811348,VALE3
2022-06-22,-220.33003356933614,-0.11731976250077802,VALE3
2022-06-23,-280.83003356933614,-0.14953437036114237,VALE3
2022-06-24,-236.3899395751955,-0.12587122653801885,VALE3
2022-06-27,-160.92993286132833,-0.08569082115904869,VALE3
2022-06-28,-130.13006713867208,-0.06929072865644959,VALE3
2022-06-29,-144.64997985839864,-0.07702218806856043,VALE3
2022-06-30,-193.7100537109377,-0.10314534576707379,VALE3
2022-07-01,-225.83003356933614,-0.12024836321535659,VALE3
2022-07-04,-235.29004028320333,-0.12528556001938373,VALE3
2022-07-05,-243.42993286132833,-0.1296198318777273,VALE3
2022-07-06,-228.0300000000002,-0.12141978562642775,VALE3
2022-07-07,-180.069993286133,-0.09588238382035053,VALE3
2022-07-08,-219.22996643066426,-0.11673400660834188,VALE3
2022-07-11,-275.7699597167971,-0.14684001837925753,VALE3
2022-07-12,-270.9299328613283,-0.14426283545062024,VALE3
2022-07-13,-276.4299328613283,-0.1471914361651988,VALE3
2022-07-14,-383.1300671386721,-0.20400636152706397,VALE3
2022-07-15,-373.8899395751955,-0.19908624440248313,VALE3
2022-07-18,-365.96992614746114,-0.19486905222358597,VALE3
2022-07-19,-362.6700604248049,-0.1931119632938797,VALE3
2022-07-20,-395.4500134277346,-0.21056639852810366,VALE3
2022-07-21,-369.4900067138674,-0.1967433995803407,VALE3
2022-07-22,-355.41002014160176,-0.1892461889009237,VALE3
2022-07-25,-327.2500469970705,-0.1742517675420896,VALE3
2022-07-26,-330.1099865722658,-0.17577460773910203,VALE3
2022-07-27,-326.59007385253926,-0.17390034975614832,VALE3
2022-07-28,-322.8499462890627,-0.17190883334614604,VALE3
2022-07-29,-343.5300000000002,-0.18292040063257786,VALE3
2022-08-01,-380.2699597167971,-0.2024834319562504,VALE3
2022-08-02,-332.5300000000002,-0.17706319920342073,VALE3
2022-08-03,-392.59007385253926,-0.20904355833109123,VALE3
2022-08-04,-401.1700604248049,-0.21361216829592966,VALE3
2022-08-05,-382.0300000000002,-0.20342060563462783,VALE3
2022-08-08,-369.2699597167971,-0.19662623052709327,VALE3
2022-08-09,-338.0300000000002,-0.1799917999179993,VALE3
2022-08-10,-336.9299328613283,-0.17940604402556315,VALE3
2022-08-11,-283.2500469970705,-0.15082296182546095,VALE3
2022-08-12,-342.4299328613283,-0.18233464474014172,VALE3
2022-08-15,-375.4299328613283,-0.19990624902761311,VALE3
2022-08-16,-341.9900067138674,-0.18210039600744787,VALE3
2022-08-17,-376.96992614746114,-0.2007262536527431,VALE3
2022-08-18,-388.18997314453145,-0.20670062413514767,VALE3
2022-08-19,-404.91002014160176,-0.21560359533213092,VALE3
2022-08-22,-426.46992614746114,-0.2270836600839502,VALE3
2022-08-23,-333.41002014160176,-0.17753178604260944,VALE3
2022-08-24,-383.1300671386721,-0.20400636152706397,VALE3
2022-08-25,-354.09007385253926,-0.18854335332904115,VALE3
2022-08-26,-376.96992614746114,-0.2007262536527431,VALE3
2022-08-29,-406.00991943359395,-0.21618926185076592,VALE3
2022-08-30,-448.68997314453145,-0.238915231995512,VALE3
2022-08-31,-459.0300000000002,-0.24442101563872787,VALE3
2022-09-01,-472.4500134277346,-0.2515668085322037,VALE3
2022-09-02,-493.7900402832033,-0.2629297936045768,VALE3
2022-09-05,-443.18997314453145,-0.23598663128093345,VALE3
2022-09-06,-477.2900402832033,-0.254143991460841,VALE3
2022-09-08,-458.8099530029299,-0.24430384658548043,VALE3
2022-09-09,-347.9299328613283,-0.18526324545472028,VALE3
2022-09-12,-334.50991943359395,-0.17811745256124445,VALE3
2022-09-13,-376.5300000000002,-0.20049200492004926,VALE3
2022-09-14,-404.0300000000002,-0.2151350084929422,VALE3
2022-09-15,-374.33003356933614,-0.1993205825089781,VALE3
2022-09-16,-376.5300000000002,-0.20049200492004926,VALE3
2022-09-19,-327.91002014160176,-0.17460318532803087,VALE3
2022-09-20,-350.1300671386721,-0.18643475723959257,VALE3
2022-07-14,-372.83007316589374,-0.15992367913434294,Carteira
2022-07-15,-355.42995529174823,-0.15245998168049937,Carteira
2022-07-18,-339.0899188995363,-0.14545100111505868,Carteira
2022-07-19,-322.68004875183124,-0.1384120656937465,Carteira
2022-07-20,-358.8400161743166,-0.153922711008586,Carteira
2022-07-21,-331.9900005340578,-0.14240552504356271,Carteira
2022-07-22,-318.1800182342531,-0.13648179909674993,Carteira
2022-07-25,-275.3200366973879,-0.11809721472885852,Carteira
2022-07-26,-277.1299922943117,-0.11887358653725891,Carteira
2022-07-27,-270.0100791931154,-0.11581953381937778,Carteira
2022-07-28,-257.09993057250995,-0.11028178723137731,Carteira
2022-07-29,-263.77997856140155,-0.11314716191026532,Carteira
2022-08-01,-305.9299648284914,-0.13122719719834056,Carteira
2022-08-02,-254.23999290466327,-0.10905503062868925,Carteira
2022-08-03,-312.2700927734377,-0.13394676479794007,Carteira
2022-08-04,-311.5900753021242,-0.13365507455159104,Carteira
2022-08-05,-282.11000518798846,-0.12100973928194074,Carteira
2022-08-08,-251.85995368957538,-0.10803412417517066,Carteira
2022-08-09,-208.56000785827655,-0.08946081922458565,Carteira
2022-08-10,-203.1399372100832,-0.08713590580795401,Carteira
2022-08-11,-155.9000461578371,-0.06687258017322399,Carteira
2022-08-12,-247.87994270324725,-0.10632691747233185,Carteira
2022-08-15,-278.26994590759296,-0.11936256419490968,Carteira
2022-08-16,-239.10001258850116,-0.1025608083852362,Carteira
2022-08-17,-267.3099353790285,-0.11466132002703576,Carteira
2022-08-18,-274.12998275756854,-0.11758674677543367,Carteira
2022-08-19,-311.3000305175783,-0.13353066122660245,Carteira
2022-08-22,-330.71992568969745,-0.14186073250533926,Carteira
2022-08-23,-228.65003280639667,-0.09807833946999385,Carteira
2022-08-24,-275.56006698608417,-0.1182001745747369,Carteira
2022-08-25,-245.77007942199725,-0.10542190169519033,Carteira
2022-08-26,-267.52992515563983,-0.1147556835909749,Carteira
2022-08-29,-290.8399188995363,-0.1247543940717781,Carteira
2022-08-30,-351.2399757385256,-0.15066270996376507,Carteira
2022-08-31,-362.55000953674335,-0.1555140949413389,Carteira
2022-09-01,-366.830019760132,-0.15734998488402693,Carteira
2022-09-02,-387.6500633239748,-0.16628064312785776,Carteira
2022-09-05,-332.9599769592287,-0.14282159179823647,Carteira
2022-09-06,-379.73005752563495,-0.1628833944690237,Carteira
2022-09-08,-365.7399490356447,-0.15688240425326844,Carteira
2022-09-09,-252.62992553710956,-0.10836439992155,Carteira
2022-09-12,-238.0599239349367,-0.10211466732507042,Carteira
2022-09-13,-289.800011444092,-0.1243083307356805,Carteira
2022-09-14,-314.639984893799,-0.1349633187036413,Carteira
2022-09-15,-284.65003280639667,-0.12209927199691016,Carteira
2022-09-16,-290.0799911499025,-0.12442842669321945,Carteira
2022-09-19,-226.54001312255878,-0.09717325660470928,Carteira
2022-09-20,-240.08006172180194,-0.10298119577995192,Carteira
